[
  {
    "id": "7e9e6f66-49f0-4f38-9f74-0b6ead908d90",
    "data": [
      {
        "text": "hallo kok",
        "userDefined": false
      }
    ],
    "isTemplate": false,
    "count": 0,
    "updated": 0
  },
  {
    "id": "de3f7699-2bbe-48a8-aebb-e0db8a618315",
    "data": [
      {
        "text": "hallo Marius",
        "userDefined": false
      }
    ],
    "isTemplate": false,
    "count": 0,
    "updated": 0
  },
  {
    "id": "016b905f-8a22-4280-897f-d174f77121be",
    "data": [
      {
        "text": "hallo keuken",
        "userDefined": false
      }
    ],
    "isTemplate": false,
    "count": 0,
    "updated": 0
  },
  {
    "id": "3e13fd7b-1a0c-4483-bb3e-5d0c7d2c96c2",
    "data": [
      {
        "text": "hé",
        "userDefined": false
      }
    ],
    "isTemplate": false,
    "count": 0,
    "updated": 0
  },
  {
    "id": "a8284416-7961-4fa0-8af3-238d69faa943",
    "data": [
      {
        "text": "hoi",
        "userDefined": false
      }
    ],
    "isTemplate": false,
    "count": 0,
    "updated": 0
  },
  {
    "id": "9460cce3-c747-4220-a5bc-7878bbf98239",
    "data": [
      {
        "text": "hé hoi",
        "userDefined": false
      }
    ],
    "isTemplate": false,
    "count": 0,
    "updated": 0
  },
  {
    "id": "375959f8-c662-4548-b33d-8bcdce599d7e",
    "data": [
      {
        "text": "hé hallo",
        "userDefined": false
      }
    ],
    "isTemplate": false,
    "count": 0,
    "updated": 0
  },
  {
    "id": "07be5ebb-e471-4b97-ba7e-39e4ffcc77e6",
    "data": [
      {
        "text": "gegroet",
        "userDefined": false
      }
    ],
    "isTemplate": false,
    "count": 0,
    "updated": 0
  },
  {
    "id": "a9eb99b2-3d0e-4862-92c1-3f8b47c36dd3",
    "data": [
      {
        "text": "ik begroet je",
        "userDefined": false
      }
    ],
    "isTemplate": false,
    "count": 0,
    "updated": 0
  },
  {
    "id": "e371f73d-e0bd-4ed9-9d49-3dbb2c7025f4",
    "data": [
      {
        "text": "lang niet gezien",
        "userDefined": false
      }
    ],
    "isTemplate": false,
    "count": 0,
    "updated": 0
  },
  {
    "id": "06e6f0ed-0ae6-4b60-bc7a-982d4c6b7cdc",
    "data": [
      {
        "text": "goeiedag",
        "userDefined": false
      }
    ],
    "isTemplate": false,
    "count": 0,
    "updated": 0
  },
  {
    "id": "c3cd38eb-c16f-4738-b791-0f82aafd3abe",
    "data": [
      {
        "text": "goedendag",
        "userDefined": false
      }
    ],
    "isTemplate": false,
    "count": 0,
    "updated": 0
  },
  {
    "id": "020a5bf0-30a0-4a09-8226-9c17fb0794da",
    "data": [
      {
        "text": "hallo",
        "userDefined": false
      }
    ],
    "isTemplate": false,
    "count": 0,
    "updated": 0
  }
]